{
    "ah94145_cruise": {
        "cl": [
            -1.5,
            0.3979,
            1.8
        ],
        "cd": [
            0.042019731946510916,
            0.011864081418578002,
            0.026918673200112812
        ],
        "claf": 0.9655561759869233,
        "clmax": 1.6855,
        "cd_min": 0.01196,
        "alpha_cd_min": -2.0
    },
    "clarky_cruise": {
        "cl": [
            -1.5,
            0.1917,
            1.8
        ],
        "cd": [
            0.029536270319494358,
            0.011141933431251435,
            0.02144416380504894
        ],
        "claf": 0.9907507847039113,
        "clmax": 1.512,
        "cd_min": 0.01073,
        "alpha_cd_min": -1.5
    },
    "e1230_cruise": {
        "cl": [
            -1.5,
            0.0291,
            1.8
        ],
        "cd": [
            0.02058582420528977,
            0.012021414121249635,
            0.02166508456437407
        ],
        "claf": 0.9603576251062372,
        "clmax": 1.6631,
        "cd_min": 0.01196,
        "alpha_cd_min": -3.0
    },
    "e420_cruise": {
        "cl": [
            -1.5,
            0.8875,
            1.8
        ],
        "cd": [
            0.4263804415105671,
            0.0162629160064722,
            0.04682627040709528
        ],
        "claf": 0.8590261002524776,
        "clmax": 1.8402,
        "cd_min": 0.01483,
        "alpha_cd_min": -1.5
    },
    "e548_cruise": {
        "cl": [
            -1.5,
            0.0511,
            1.8
        ],
        "cd": [
            0.02027970423172694,
            0.01180373389337135,
            0.02117768541233794
        ],
        "claf": 0.9786102319994175,
        "clmax": 1.3063,
        "cd_min": 0.01179,
        "alpha_cd_min": -1.5
    },
    "e657_cruise": {
        "cl": [
            -1.5,
            0.187,
            1.8
        ],
        "cd": [
            0.05041705307010389,
            0.012000186277077931,
            0.03753923602464096
        ],
        "claf": 0.8447848012321488,
        "clmax": 1.5863,
        "cd_min": 0.01185,
        "alpha_cd_min": -3.0
    },
    "fx76mp160_cruise": {
        "cl": [
            -1.5,
            0.4263,
            1.8
        ],
        "cd": [
            0.06676091903246734,
            0.012657317204795761,
            0.045267590209773056
        ],
        "claf": 0.7610723544391705,
        "clmax": 1.7286,
        "cd_min": 0.01273,
        "alpha_cd_min": -2.0
    },
    "goe398_cruise": {
        "cl": [
            -1.5,
            0.2264,
            1.8
        ],
        "cd": [
            0.03176645421839837,
            0.011556630298212325,
            0.025122459381809147
        ],
        "claf": 0.8600661841161122,
        "clmax": 1.4587,
        "cd_min": 0.01138,
        "alpha_cd_min": -2.0
    },
    "goe449_cruise": {
        "cl": [
            -1.5,
            0.1635,
            1.8
        ],
        "cd": [
            0.046509593901531296,
            0.012470520273051684,
            0.044257841989768815
        ],
        "claf": 0.7548012944333111,
        "clmax": 1.4852,
        "cd_min": 0.01246,
        "alpha_cd_min": -2.5
    },
    "goe498_cruise": {
        "cl": [
            -1.5,
            0.2263,
            1.8
        ],
        "cd": [
            0.031328224507417624,
            0.011955133173384107,
            0.024689999511624487
        ],
        "claf": 0.8824959642682138,
        "clmax": 1.6329,
        "cd_min": 0.01185,
        "alpha_cd_min": -3.5
    },
    "goe527_cruise": {
        "cl": [
            -1.5,
            0.1591,
            1.8
        ],
        "cd": [
            0.043222605545598924,
            0.012439941349834597,
            0.032262175790563334
        ],
        "claf": 0.8254391078815773,
        "clmax": 1.5516,
        "cd_min": 0.0124,
        "alpha_cd_min": -3.5
    },
    "goe693_cruise": {
        "cl": [
            -1.5,
            0.1324,
            1.8
        ],
        "cd": [
            0.02151230644169622,
            0.011143509837204808,
            0.01968873927353932
        ],
        "claf": 1.0054809478330344,
        "clmax": 1.5335,
        "cd_min": 0.01103,
        "alpha_cd_min": -2.0
    },
    "ls417mod_cruise": {
        "cl": [
            -1.5,
            0.0511,
            1.8
        ],
        "cd": [
            0.019271071757303984,
            0.012237177792867641,
            0.01974216134084439
        ],
        "claf": 1.075354286939847,
        "clmax": 1.8851,
        "cd_min": 0.01221,
        "alpha_cd_min": -3.0
    },
    "ls417_cruise": {
        "cl": [
            -1.5,
            0.0465,
            1.8
        ],
        "cd": [
            0.023449192513831343,
            0.012251827665250221,
            0.022710927153364854
        ],
        "claf": 1.0189702429564989,
        "clmax": 1.7713,
        "cd_min": 0.01225,
        "alpha_cd_min": -3.5
    },
    "ls421mod_cruise": {
        "cl": [
            -1.5,
            0.098,
            1.8
        ],
        "cd": [
            0.023126065101223836,
            0.013296191558837635,
            0.022754217547745526
        ],
        "claf": 1.0736925215101392,
        "clmax": 1.7255,
        "cd_min": 0.01333,
        "alpha_cd_min": -3.0
    },
    "n0012_cruise": {
        "cl": [
            -1.5,
            0.0,
            1.8
        ],
        "cd": [
            0.01799384339364682,
            0.010397579676085046,
            0.02179637873451465
        ],
        "claf": 1.020340809716159,
        "clmax": 1.3778,
        "cd_min": 0.01053,
        "alpha_cd_min": 0.0
    },
    "n22_cruise": {
        "cl": [
            -1.5,
            0.2317,
            1.8
        ],
        "cd": [
            0.022643616002062578,
            0.011172387708556136,
            0.019795772927135843
        ],
        "claf": 0.9908249873465269,
        "clmax": 1.6137,
        "cd_min": 0.01103,
        "alpha_cd_min": -3.5
    },
    "n24_cruise": {
        "cl": [
            -1.5,
            0.3034,
            1.8
        ],
        "cd": [
            0.0500102238355942,
            0.012846872854769245,
            0.031810140334698755
        ],
        "claf": 0.9274399786711826,
        "clmax": 1.7268,
        "cd_min": 0.01291,
        "alpha_cd_min": -3.5
    },
    "naca0012_cruise": {
        "cl": [
            -1.5,
            0.0,
            1.8
        ],
        "cd": [
            0.01799384339364682,
            0.010397579676085046,
            0.02179637873451465
        ],
        "claf": 1.020340809716159,
        "clmax": 1.3778,
        "cd_min": 0.01053,
        "alpha_cd_min": 0.0
    },
    "naca4415_cruise": {
        "cl": [
            -1.5,
            0.0478,
            1.8
        ],
        "cd": [
            0.02476841628865,
            0.01149673547103948,
            0.02535234718438567
        ],
        "claf": 0.8283043283214183,
        "clmax": 1.4221,
        "cd_min": 0.01153,
        "alpha_cd_min": -3.0
    },
    "rhodesg32_cruise": {
        "cl": [
            -1.5,
            0.4974,
            1.8
        ],
        "cd": [
            0.03485664605211593,
            0.011430869323797176,
            0.022189454703486336
        ],
        "claf": 0.9239135190826762,
        "clmax": 1.5147,
        "cd_min": 0.01126,
        "alpha_cd_min": -0.5
    },
    "rhodesg34_cruise": {
        "cl": [
            -1.5,
            0.4666,
            1.8
        ],