{
    "ah94145_cruise": {
        "cl": [
            -0.2,
            0.4,
            1
        ],
        "cd": [
            0.02067454134968015,
            0.011016475023117084,
            0.014286989990971149
        ],
        "claf": 0.873889955940332,
        "clmax": 1.6855
    },
    "clarky_cruise": {
        "cl": [
            -0.2,
            0.4,
            1
        ],
        "cd": [
            0.01352085010374845,
            0.01043771361343519,
            0.013358542300320337
        ],
        "claf": 0.9404090925052228,
        "clmax": 1.512
    },
    "e1230_cruise": {
        "cl": [
            -0.2,
            0.4,
            1
        ],
        "cd": [
            0.012698260207734336,
            0.012055210473395826,
            0.015003833000591223
        ],
        "claf": 0.9176348649198814,
        "clmax": 1.6631
    },
    "e420_cruise": {
        "cl": [
            -0.2,
            0.4,
            1
        ],
        "cd": [
            0.13072224229579604,
            0.04436160144570682,
            0.012765173891708767
        ],
        "claf": 0.7231832304064826,
        "clmax": 1.8402
    },
    "e548_cruise": {
        "cl": [
            -0.2,
            0.4,
            1
        ],
        "cd": [
            0.012246632356468766,
            0.011836287923932001,
            0.01493370474081638
        ],
        "claf": 0.93047788532429,
        "clmax": 1.3063
    },
    "e657_cruise": {
        "cl": [
            -0.2,
            0.4,
            1
        ],
        "cd": [
            0.016530535010992827,
            0.011457751104947598,
            0.017807371966283805
        ],
        "claf": 0.7923140523121949,
        "clmax": 1.5863
    },
    "fx76mp160_cruise": {
        "cl": [
            -0.2,
            0.4,
            1
        ],
        "cd": [
            0.019424788515872607,
            0.012464480335511511,
            0.019230972447745985
        ],
        "claf": 0.7222764404130703,
        "clmax": 1.7286
    },
    "goe398_cruise": {
        "cl": [
            -0.2,
            0.4,
            1
        ],
        "cd": [
            0.013882105725375701,
            0.011289387299799154,
            0.014780438789004471
        ],
        "claf": 0.8087165123208335,
        "clmax": 1.4587
    },
    "goe449_cruise": {
        "cl": [
            -0.2,
            0.4,
            1
        ],
        "cd": [
            0.01576270057717361,
            0.01258458110417485,
            0.021913126951206584
        ],
        "claf": 0.7158302681297773,
        "clmax": 1.4852
    },
    "goe498_cruise": {
        "cl": [
            -0.2,
            0.4,
            1
        ],
        "cd": [
            0.01576069588537649,
            0.011618124198850761,
            0.014676667874310781
        ],
        "claf": 0.8219739132343804,
        "clmax": 1.6329
    },
    "goe527_cruise": {
        "cl": [
            -0.2,
            0.4,
            1
        ],
        "cd": [
            0.01826754408274338,
            0.011413906292224042,
            0.017409108509698422
        ],
        "claf": 0.7539889775034526,
        "clmax": 1.5516
    },
    "goe693_cruise": {
        "cl": [
            -0.2,
            0.4,
            1
        ],
        "cd": [
            0.012566707752590672,
            0.010634639328321784,
            0.013765091369496898
        ],
        "claf": 0.9516867004761097,
        "clmax": 1.5335
    },
    "ls417mod_cruise": {
        "cl": [
            -0.2,
            0.4,
            1
        ],
        "cd": [
            0.012721038669057631,
            0.012290720515511893,
            0.014328704739012446
        ],
        "claf": 1.034162554639904,
        "clmax": 1.8851
    },
    "ls417_cruise": {
        "cl": [
            -0.2,
            0.4,
            1
        ],
        "cd": [
            0.014537953332698646,
            0.011527633105819755,
            0.01542168295284014
        ],
        "claf": 0.9355217949608091,
        "clmax": 1.7713
    },
    "ls421mod_cruise": {
        "cl": [
            -0.2,
            0.4,
            1
        ],
        "cd": [
            0.015186382944205377,
            0.012739498542073076,
            0.015992188121850277
        ],
        "claf": 0.9874528856638258,
        "clmax": 1.7255
    },
    "n0012_cruise": {
        "cl": [
            -0.2,
            0.4,
            1
        ],
        "cd": [
            0.01027382061574989,
            0.010853575462053617,
            0.015837235086216782
        ],
        "claf": 0.9934899718108032,
        "clmax": 1.3778
    },
    "n22_cruise": {
        "cl": [
            -0.2,
            0.4,
            1
        ],
        "cd": [
            0.016465883665870092,
            0.010635647641872241,
            0.012882926305042473
        ],
        "claf": 0.9021971689520412,
        "clmax": 1.6137
    },
    "n24_cruise": {
        "cl": [
            -0.2,
            0.4,
            1
        ],
        "cd": [
            0.02340281202380801,
            0.012240987486440293,
            0.015573204344561772
        ],
        "claf": 0.8335912032493386,
        "clmax": 1.7268
    },
    "naca4415_cruise": {
        "cl": [
            -0.2,
            0.4,
            1
        ],
        "cd": [
            0.012583729690923457,
            0.011530970525969549,
            0.015953485377606182
        ],
        "claf": 0.7872690279605523,
        "clmax": 1.4221
    },
    "rhodesg32_cruise": {
        "cl": [
            -0.2,
            0.4,
            1
        ],
        "cd": [
            0.017600808120960276,
            0.010776982364065144,
            0.013441410953049994
        ],
        "claf": 0.8349796763702673,
        "clmax": 1.5147
    },
    "rhodesg34_cruise": {
        "cl": [
            -0.2,
            0.4,
            1
        ],
        "cd": [
            0.020545904296126283,
            0.011366500175124885,
            0.014870947490841991
        ],
        "claf": 0.7602294921504539,
        "clmax": 1.4421
    },
    "rhodesg36_cruise": {
        "cl": [
            -0.2,
            0.4,
            1
        ],
        "cd": [
            0.023114304246068442,
            0.012830899515741751,
            0.01713884203914875
        ],
        "claf": 0.7300825177245481,
        "clmax": 1.5918
    },
    "ah94145_takeOff": {
        "cl": [
            -0.2,
            0.4,
            1
        ],
        "cd": [
            0.22176425772443745,
            0.08030127626173636,
            0.025271878191572894
        ],
        "claf": 0.53304009606301,
        "clmax": 1.8137
    },
    "clarky_takeOff": {
        "cl": [
            -0.2,
            0.4,
            1
        ],
        "cd": [
            0.08305200001634078,
            0.03463643114200304,
            0.02122583375073147
        ],
        "claf": 0.6710690531607201,
        "clmax": 1.7134
    },
    "e1230_takeOff": {
        "cl": [
            -0.2,
            0.4,
            1
        ],
        "cd": [
            0.0579119059635563,
            0.028238857264310416,
            0.02214257390169498
        ],
        "claf": 0.7247939362649348,
        "clmax": 1.8122
    },
    "e420_takeOff": {
        "cl": [
            -0.2,
            0.4,
            1
        ],
        "cd": [
            0.20214888913589932,
            0.062325001332066074,
            0.014463145916885717
        ],
        "claf": 0.7062276115591923,
        "clmax": 1.7559
    },
    "e548_takeOff": {
        "cl": [
            -0.2,
            0.4,
            1
        ],
        "cd": [
            0.014323874475799166,
            0.013511703945534295,
            0.018781640668243567
        ],
        "claf": 0.8838947318557543,
        "clmax": 1.258
    },