{
  "n2414": {
    "cl": [-0.17, 0.55, 1.615],
    "cd": [0.0345, 0.0090, 0.0440],
    "claf": 1.1078,
    "clmax": 1.6
  },
  "n0012": {
    "cl": [-0.0494794, 0.1599, 0.54813],
    "cd": [0.0099968, 0.0103030800819396, 0.01150],
    "claf": 0.99,
    "clmax": 1.4
  },
    "goe498": {
    "cl": [0.0, 0.5, 1.0],
    "cd": [0.012, 0.0099, 0.012],
    "claf": 0.95,
    "clmax": 1.6
  }
}