{
    "ah94145_cruise": {
        "cl": [
            -0.1,
            0.5,
            1.1
        ],
        "cd": [
            0.014150947226365979,
            0.011889411646580137,
            0.015437213646960064
        ],
        "claf": 0.9655561759869233,
        "clmax": 1.6855
    },
    "clarky_cruise": {
        "cl": [
            -0.1,
            0.5,
            1.1
        ],
        "cd": [
            0.01217537453761034,
            0.011018245171074081,
            0.013631068528529104
        ],
        "claf": 0.9907507847039113,
        "clmax": 1.512
    },
    "e1230_cruise": {
        "cl": [
            -0.1,
            0.5,
            1.1
        ],
        "cd": [
            0.012139478670358313,
            0.012536554749098122,
            0.015343793898349906
        ],
        "claf": 0.9603576251062372,
        "clmax": 1.6631
    },
    "e420_cruise": {
        "cl": [
            -0.1,
            0.5,
            1.1
        ],
        "cd": [
            0.09989654395564658,
            0.03461889577406098,
            0.014127660911932155
        ],
        "claf": 0.8590261002524776,
        "clmax": 1.8402
    },
    "e548_cruise": {
        "cl": [
            -0.1,
            0.5,
            1.1
        ],
        "cd": [
            0.011935541305181136,
            0.012295617933442991,
            0.015017382434059449
        ],
        "claf": 0.9786102319994175,
        "clmax": 1.3063
    },
    "e657_cruise": {
        "cl": [
            -0.1,
            0.5,
            1.1
        ],
        "cd": [
            0.013835316553563945,
            0.01219581452507194,
            0.018979343526595006
        ],
        "claf": 0.8447848012321488,
        "clmax": 1.5863
    },
    "fx76mp160_cruise": {
        "cl": [
            -0.1,
            0.5,
            1.1
        ],
        "cd": [
            0.015867796665808807,
            0.012902206076434459,
            0.021244064027719133
        ],
        "claf": 0.7610723544391705,
        "clmax": 1.7286
    },
    "goe398_cruise": {
        "cl": [
            -0.1,
            0.5,
            1.1
        ],
        "cd": [
            0.012562812840726323,
            0.011724399724675875,
            0.015321017950396542
        ],
        "claf": 0.8600661841161122,
        "clmax": 1.4587
    },
    "goe449_cruise": {
        "cl": [
            -0.1,
            0.5,
            1.1
        ],
        "cd": [
            0.01340353858857628,
            0.013719334412249566,
            0.022737593382029547
        ],
        "claf": 0.7548012944333111,
        "clmax": 1.4852
    },
    "goe498_cruise": {
        "cl": [
            -0.1,
            0.5,
            1.1
        ],
        "cd": [
            0.012943246308080638,
            0.012087471381051276,
            0.015445797320490949
        ],
        "claf": 0.8824959642682138,
        "clmax": 1.6329
    },
    "goe527_cruise": {
        "cl": [
            -0.1,
            0.5,
            1.1
        ],
        "cd": [
            0.013879920531119744,
            0.012444095701364344,
            0.01769203783462178
        ],
        "claf": 0.8254391078815773,
        "clmax": 1.5516
    },
    "goe693_cruise": {
        "cl": [
            -0.1,
            0.5,
            1.1
        ],
        "cd": [
            0.011488207092916506,
            0.011365306526563668,
            0.013746291167228197
        ],
        "claf": 1.0054809478330344,
        "clmax": 1.5335
    },
    "ls417mod_cruise": {
        "cl": [
            -0.1,
            0.5,
            1.1
        ],
        "cd": [
            0.012356606995638196,
            0.012602733052047137,
            0.014774539966729793
        ],
        "claf": 1.075354286939847,
        "clmax": 1.8851
    },
    "ls417_cruise": {
        "cl": [
            -0.1,
            0.5,
            1.1
        ],
        "cd": [
            0.01249183406619059,
            0.012597697721584662,
            0.015584686028179943
        ],
        "claf": 1.0189702429564989,
        "clmax": 1.7713
    },
    "ls421mod_cruise": {
        "cl": [
            -0.1,
            0.5,
            1.1
        ],
        "cd": [
            0.013530658025859068,
            0.013675928783557709,
            0.016375752386683616
        ],
        "claf": 1.0736925215101392,
        "clmax": 1.7255
    },
    "n0012_cruise": {
        "cl": [
            -0.1,
            0.5,
            1.1
        ],
        "cd": [
            0.010420494871274262,
            0.011319080241528046,
            0.014704249311115617
        ],
        "claf": 1.020340809716159,
        "clmax": 1.3778
    },
    "n22_cruise": {
        "cl": [
            -0.1,
            0.5,
            1.1
        ],
        "cd": [
            0.011663717099616285,
            0.011366342255324586,
            0.013713945079372625
        ],
        "claf": 0.9908249873465269,
        "clmax": 1.6137
    },
    "n24_cruise": {
        "cl": [
            -0.1,
            0.5,
            1.1
        ],
        "cd": [
            0.015464665686448479,
            0.012760619233045254,
            0.01731728843166614
        ],
        "claf": 0.9274399786711826,
        "clmax": 1.7268
    },
    "naca0012_cruise": {
        "cl": [
            -0.1,
            0.5,
            1.1
        ],
        "cd": [
            0.010420494871274262,
            0.011319080241528046,
            0.014704249311115617
        ],
        "claf": 1.020340809716159,
        "clmax": 1.3778
    },
    "naca4415_cruise": {
        "cl": [
            -0.1,
            0.5,
            1.1
        ],
        "cd": [
            0.011730575830297688,
            0.012136419566409522,
            0.016138357090621912
        ],
        "claf": 0.8283043283214183,
        "clmax": 1.4221
    },
    "rhodesg32_cruise": {
        "cl": [
            -0.1,
            0.5,
            1.1
        ],
        "cd": [
            0.013371589046476697,
            0.011431871550625576,
            0.013853052501571012
        ],
        "claf": 0.9239135190826762,
        "clmax": 1.5147
    },
    "rhodesg34_cruise": {
        "cl": [
            -0.1,
            0.5,
            1.1
        ],
        "cd": [
            0.01414964338736628,
            0.011957455786970633,
            0.01564571510805507
        ],
        "claf": 0.8394259974411944,
        "clmax": 1.4421
    },
    "rhodesg36_cruise": {
        "cl": [
            -0.1,
            0.5,
            1.1
        ],
        "cd": [
            0.016684117295859485,
            0.013012900989837936,
            0.018671722911669665
        ],
        "claf": 0.7793018902008211,
        "clmax": 1.5918
    },
    "ah94145_takeOff": {
        "cl": [
            -0.1,
            0.5,
            1.1
        ],
        "cd": [
            0.10697720451003756,
            0.041826792047889735,
            0.026804359029690097
        ],
        "claf": 0.6302555608954503,
        "clmax": 1.8137
    },
    "clarky_takeOff": {
        "cl": [
            -0.1,
            0.5,
            1.1
        ],
        "cd": [
            0.029368802860773122,
            0.022780756506914787,
            0.025209205912276524
        ],
        "claf": 0.8187664806618437,
        "clmax": 1.7134
    },
    "e1230_takeOff": {
        "cl": [
            -0.1,
            0.5,
            1.1
        ],
        "cd": [
            0.02992004951396205,
            0.022263519841972244,
            0.02520997109066538
        ],
        "claf": 0.8213978694396428,
        "clmax": 1.8122
    },
    "e420_takeOff": {
        "cl": [
            -0.1,
            0.5,
            1.1
        ],
        "cd": [
            0.15568844351491176,
            0.04815864831835938,
            0.016871728388759027
        ],
        "claf": 0.868254042223975,
        "clmax": 1.7559
    },