{
    "ah94145_cruise": {
        "cl": [
            -0.1,
            0.3979,
            1.1
        ],
        "cd": [
            0.014150947226365979,
            0.011864081418578002,
            0.015437213646960064
        ],
        "claf": 0.9655561759869233,
        "clmax": 1.6855,
        "cd_min": 0.01196,
        "alpha_cd_min": -2.0
    },
    "clarky_cruise": {
        "cl": [
            -0.1,
            0.1917,
            1.1
        ],
        "cd": [
            0.01217537453761034,
            0.011141933431251435,
            0.013631068528529104
        ],
        "claf": 0.9907507847039113,
        "clmax": 1.512,
        "cd_min": 0.01073,
        "alpha_cd_min": -1.5
    },
    "e1230_cruise": {
        "cl": [
            -0.1,
            0.0291,
            1.1
        ],
        "cd": [
            0.012139478670358313,
            0.012021414121249635,
            0.015343793898349906
        ],
        "claf": 0.9603576251062372,
        "clmax": 1.6631,
        "cd_min": 0.01196,
        "alpha_cd_min": -3.0
    },
    "e420_cruise": {
        "cl": [
            -0.1,
            0.8875,
            1.1
        ],
        "cd": [
            0.09989654395564658,
            0.0162629160064722,
            0.014127660911932155
        ],
        "claf": 0.8590261002524776,
        "clmax": 1.8402,
        "cd_min": 0.01483,
        "alpha_cd_min": -1.5
    },
    "e548_cruise": {
        "cl": [
            -0.1,
            0.0511,
            1.1
        ],
        "cd": [
            0.011935541305181136,
            0.01180373389337135,
            0.015017382434059449
        ],
        "claf": 0.9786102319994175,
        "clmax": 1.3063,
        "cd_min": 0.01179,
        "alpha_cd_min": -1.5
    },
    "e657_cruise": {
        "cl": [
            -0.1,
            0.187,
            1.1
        ],
        "cd": [
            0.013835316553563945,
            0.012000186277077931,
            0.018979343526595006
        ],
        "claf": 0.8447848012321488,
        "clmax": 1.5863,
        "cd_min": 0.01185,
        "alpha_cd_min": -3.0
    },
    "fx76mp160_cruise": {
        "cl": [
            -0.1,
            0.4263,
            1.1
        ],
        "cd": [
            0.015867796665808807,
            0.012657317204795761,
            0.021244064027719133
        ],
        "claf": 0.7610723544391705,
        "clmax": 1.7286,
        "cd_min": 0.01273,
        "alpha_cd_min": -2.0
    },
    "goe398_cruise": {
        "cl": [
            -0.1,
            0.2264,
            1.1
        ],
        "cd": [
            0.012562812840726323,
            0.011556630298212325,
            0.015321017950396542
        ],
        "claf": 0.8600661841161122,
        "clmax": 1.4587,
        "cd_min": 0.01138,
        "alpha_cd_min": -2.0
    },
    "goe449_cruise": {
        "cl": [
            -0.1,
            0.1635,
            1.1
        ],
        "cd": [
            0.01340353858857628,
            0.012470520273051684,
            0.022737593382029547
        ],
        "claf": 0.7548012944333111,
        "clmax": 1.4852,
        "cd_min": 0.01246,
        "alpha_cd_min": -2.5
    },
    "goe498_cruise": {
        "cl": [
            -0.1,
            0.2263,
            1.1
        ],
        "cd": [
            0.012943246308080638,
            0.011955133173384107,
            0.015445797320490949
        ],
        "claf": 0.8824959642682138,
        "clmax": 1.6329,
        "cd_min": 0.01185,
        "alpha_cd_min": -3.5
    },
    "goe527_cruise": {
        "cl": [
            -0.1,
            0.1591,
            1.1
        ],
        "cd": [
            0.013879920531119744,
            0.012439941349834597,
            0.01769203783462178
        ],
        "claf": 0.8254391078815773,
        "clmax": 1.5516,
        "cd_min": 0.0124,
        "alpha_cd_min": -3.5
    },
    "goe693_cruise": {
        "cl": [
            -0.1,
            0.1324,
            1.1
        ],
        "cd": [
            0.011488207092916506,
            0.011143509837204808,
            0.013746291167228197
        ],
        "claf": 1.0054809478330344,
        "clmax": 1.5335,
        "cd_min": 0.01103,
        "alpha_cd_min": -2.0
    },
    "ls417mod_cruise": {
        "cl": [
            -0.1,
            0.0511,
            1.1
        ],
        "cd": [
            0.012356606995638196,
            0.012237177792867641,
            0.014774539966729793
        ],
        "claf": 1.075354286939847,
        "clmax": 1.8851,
        "cd_min": 0.01221,
        "alpha_cd_min": -3.0
    },
    "ls417_cruise": {
        "cl": [
            -0.1,
            0.0465,
            1.1
        ],
        "cd": [
            0.01249183406619059,
            0.012251827665250221,
            0.015584686028179943
        ],
        "claf": 1.0189702429564989,
        "clmax": 1.7713,
        "cd_min": 0.01225,
        "alpha_cd_min": -3.5
    },
    "ls421mod_cruise": {
        "cl": [
            -0.1,
            0.098,
            1.1
        ],
        "cd": [
            0.013530658025859068,
            0.013296191558837635,
            0.016375752386683616
        ],
        "claf": 1.0736925215101392,
        "clmax": 1.7255,
        "cd_min": 0.01333,
        "alpha_cd_min": -3.0
    },
    "n0012_cruise": {
        "cl": [
            -0.1,
            0.0,
            1.1
        ],
        "cd": [
            0.010420494871274262,
            0.010397579676085046,
            0.014704249311115617
        ],
        "claf": 1.020340809716159,
        "clmax": 1.3778,
        "cd_min": 0.01053,
        "alpha_cd_min": 0.0
    },
    "n22_cruise": {
        "cl": [
            -0.1,
            0.2317,
            1.1
        ],
        "cd": [
            0.011663717099616285,
            0.011172387708556136,
            0.013713945079372625
        ],
        "claf": 0.9908249873465269,
        "clmax": 1.6137,
        "cd_min": 0.01103,
        "alpha_cd_min": -3.5
    },
    "n24_cruise": {
        "cl": [
            -0.1,
            0.3034,
            1.1
        ],
        "cd": [
            0.015464665686448479,
            0.012846872854769245,
            0.01731728843166614
        ],
        "claf": 0.9274399786711826,
        "clmax": 1.7268,
        "cd_min": 0.01291,
        "alpha_cd_min": -3.5
    },
    "naca0012_cruise": {
        "cl": [
            -0.1,
            0.0,
            1.1
        ],
        "cd": [
            0.010420494871274262,
            0.010397579676085046,
            0.014704249311115617
        ],
        "claf": 1.020340809716159,
        "clmax": 1.3778,
        "cd_min": 0.01053,
        "alpha_cd_min": 0.0
    },
    "naca4415_cruise": {
        "cl": [
            -0.1,
            0.0478,
            1.1
        ],
        "cd": [
            0.011730575830297688,
            0.01149673547103948,
            0.016138357090621912
        ],
        "claf": 0.8283043283214183,
        "clmax": 1.4221,
        "cd_min": 0.01153,
        "alpha_cd_min": -3.0
    },
    "rhodesg32_cruise": {
        "cl": [
            -0.1,
            0.4974,
            1.1
        ],
        "cd": [
            0.013371589046476697,
            0.011430869323797176,
            0.013853052501571012
        ],
        "claf": 0.9239135190826762,
        "clmax": 1.5147,
        "cd_min": 0.01126,
        "alpha_cd_min": -0.5
    },
    "rhodesg34_cruise": {
        "cl": [
            -0.1,
            0.4666,
            1.1
        ],
        "cd": [
            0.01414964338736628,
            0.011924926223199971,
            0.01564571510805507
        ],
        "claf": 0.8394259974411944,
        "clmax": 1.4421,
        "cd_min": 0.01188,
        "alpha_cd_min": -1.5
    },
    "rhodesg36_cruise": {
        "cl": [
            -0.1,
            0.516,
            1.1
        ],