{
    "spanSemiWing": [
        0.0046,
        0.0414,
        0.1142,
        0.221,
        0.3594,
        0.5258,
        0.7163,
        0.926,
        1.1498,
        1.3823,
        1.6177,
        1.8502,
        2.074,
        2.2837,
        2.4742,
        2.6406,
        2.779,
        2.8858,
        2.9586,
        2.9954,
        -0.0046,
        -0.0414,
        -0.1142,
        -0.221,
        -0.3594,
        -0.5258,
        -0.7163,
        -0.926,
        -1.1498,
        -1.3823,
        -1.6177,
        -1.8502,
        -2.074,
        -2.2837,
        -2.4742,
        -2.6406,
        -2.779,
        -2.8858,
        -2.9586,
        -2.9954
    ],
    "areaStrips": [
        0.0126,
        0.0373,
        0.0603,
        0.0807,
        0.0977,
        0.1108,
        0.1195,
        0.124,
        0.1242,
        0.1207,
        0.1145,
        0.1061,
        0.0957,
        0.084,
        0.0714,
        0.0583,
        0.0451,
        0.0321,
        0.0191,
        0.0064,
        0.0126,
        0.0373,
        0.0603,
        0.0807,
        0.0977,
        0.1108,
        0.1195,
        0.124,
        0.1242,
        0.1207,
        0.1145,
        0.1061,
        0.0957,
        0.084,
        0.0714,
        0.0583,
        0.0451,
        0.0321,
        0.0191,
        0.0064
    ],
    "clStrips": [
        0.7941,
        0.7976,
        0.8042,
        0.8129,
        0.8228,
        0.8334,
        0.8436,
        0.8529,
        0.8608,
        0.8668,
        0.8676,
        0.8617,
        0.8496,
        0.8287,
        0.7947,
        0.7414,
        0.6599,
        0.5367,
        0.3585,
        0.1294,
        0.7941,
        0.7976,
        0.8042,
        0.8129,
        0.8228,
        0.8334,
        0.8436,
        0.8529,
        0.8608,
        0.8668,
        0.8676,
        0.8617,
        0.8496,
        0.8287,
        0.7947,
        0.7414,
        0.6599,
        0.5367,
        0.3585,
        0.1294
    ],
    "forceStrips": [
        470041.81499295513,
        1397605.9166623305,
        2278096.5918615335,
        3081778.434067048,
        3776414.0101957372,
        4337944.685963372,
        4735820.4633979965,
        4968331.358144184,
        5022438.269715864,
        4914925.352247863,
        4666763.402890281,
        4294990.72455165,
        3819593.9338258547,
        3270147.7738711494,
        2665582.805009161,
        2030541.5929949442,
        1398123.1399522556,
        809333.2465450235,
        321672.01582824235,
        38904.962741544856,
        470041.81499295513,
        1397605.9166623305,
        2278096.5918615335,
        3081778.434067048,
        3776414.0101957372,
        4337944.685963372,
        4735820.4633979965,
        4968331.358144184,
        5022438.269715864,
        4914925.352247863,
        4666763.402890281,
        4294990.72455165,
        3819593.9338258547,
        3270147.7738711494,
        2665582.805009161,
        2030541.5929949442,
        1398123.1399522556,
        809333.2465450235,
        321672.01582824235,
        38904.962741544856
    ]
}